standard_name,gene
NABA_Hs_MATRISOME_POORLY_METASTATIC_MELANOMA_TUMOR_CELL_DERIVED,BGN
NABA_Hs_MATRISOME_POORLY_METASTATIC_MELANOMA_TUMOR_CELL_DERIVED,COL4A4
NABA_Hs_MATRISOME_POORLY_METASTATIC_MELANOMA_TUMOR_CELL_DERIVED,SRPX
NABA_Hs_MATRISOME_POORLY_METASTATIC_MELANOMA_TUMOR_CELL_DERIVED,THSD4
NABA_Hs_MATRISOME_POORLY_METASTATIC_MELANOMA_TUMOR_CELL_DERIVED,ADAMTSL1
NABA_Hs_MATRISOME_POORLY_METASTATIC_MELANOMA_TUMOR_CELL_DERIVED,ANGPTL4
NABA_Hs_MATRISOME_POORLY_METASTATIC_MELANOMA_TUMOR_CELL_DERIVED,ANXA2
NABA_Hs_MATRISOME_POORLY_METASTATIC_MELANOMA_TUMOR_CELL_DERIVED,CD109
NABA_Hs_MATRISOME_POORLY_METASTATIC_MELANOMA_TUMOR_CELL_DERIVED,COL18A1
NABA_Hs_MATRISOME_POORLY_METASTATIC_MELANOMA_TUMOR_CELL_DERIVED,CTSB
NABA_Hs_MATRISOME_POORLY_METASTATIC_MELANOMA_TUMOR_CELL_DERIVED,ECM1
NABA_Hs_MATRISOME_POORLY_METASTATIC_MELANOMA_TUMOR_CELL_DERIVED,HCFC1
NABA_Hs_MATRISOME_POORLY_METASTATIC_MELANOMA_TUMOR_CELL_DERIVED,HTRA1
NABA_Hs_MATRISOME_POORLY_METASTATIC_MELANOMA_TUMOR_CELL_DERIVED,LEPREL2
NABA_Hs_MATRISOME_POORLY_METASTATIC_MELANOMA_TUMOR_CELL_DERIVED,LGALS3
NABA_Hs_MATRISOME_POORLY_METASTATIC_MELANOMA_TUMOR_CELL_DERIVED,LMAN1
NABA_Hs_MATRISOME_POORLY_METASTATIC_MELANOMA_TUMOR_CELL_DERIVED,LOXL2
NABA_Hs_MATRISOME_POORLY_METASTATIC_MELANOMA_TUMOR_CELL_DERIVED,P4HA1
NABA_Hs_MATRISOME_POORLY_METASTATIC_MELANOMA_TUMOR_CELL_DERIVED,PLOD2
NABA_Hs_MATRISOME_POORLY_METASTATIC_MELANOMA_TUMOR_CELL_DERIVED,PLOD3
NABA_Hs_MATRISOME_POORLY_METASTATIC_MELANOMA_TUMOR_CELL_DERIVED,S100A13
NABA_Hs_MATRISOME_POORLY_METASTATIC_MELANOMA_TUMOR_CELL_DERIVED,S100A4
NABA_Hs_MATRISOME_POORLY_METASTATIC_MELANOMA_TUMOR_CELL_DERIVED,S100A6
NABA_Hs_MATRISOME_POORLY_METASTATIC_MELANOMA_TUMOR_CELL_DERIVED,SERPINB1
NABA_Hs_MATRISOME_POORLY_METASTATIC_MELANOMA_TUMOR_CELL_DERIVED,SERPINF1
NABA_Hs_MATRISOME_POORLY_METASTATIC_MELANOMA_TUMOR_CELL_DERIVED,TGFB1
NABA_Hs_MATRISOME_POORLY_METASTATIC_MELANOMA,BGN
NABA_Hs_MATRISOME_POORLY_METASTATIC_MELANOMA,COL4A4
NABA_Hs_MATRISOME_POORLY_METASTATIC_MELANOMA,NID2
NABA_Hs_MATRISOME_POORLY_METASTATIC_MELANOMA,SRPX
NABA_Hs_MATRISOME_POORLY_METASTATIC_MELANOMA,THSD4
NABA_Hs_MATRISOME_POORLY_METASTATIC_MELANOMA,ADAMTSL1
NABA_Hs_MATRISOME_POORLY_METASTATIC_MELANOMA,ANGPTL4
NABA_Hs_MATRISOME_POORLY_METASTATIC_MELANOMA,ANXA2
NABA_Hs_MATRISOME_POORLY_METASTATIC_MELANOMA,C15ORF44
NABA_Hs_MATRISOME_POORLY_METASTATIC_MELANOMA,CD109
NABA_Hs_MATRISOME_POORLY_METASTATIC_MELANOMA,COL18A1
NABA_Hs_MATRISOME_POORLY_METASTATIC_MELANOMA,CTSB
NABA_Hs_MATRISOME_POORLY_METASTATIC_MELANOMA,ECM1
NABA_Hs_MATRISOME_POORLY_METASTATIC_MELANOMA,EFEMP1
NABA_Hs_MATRISOME_POORLY_METASTATIC_MELANOMA,F2
NABA_Hs_MATRISOME_POORLY_METASTATIC_MELANOMA,FBLN2
NABA_Hs_MATRISOME_POORLY_METASTATIC_MELANOMA,HCFC1
NABA_Hs_MATRISOME_POORLY_METASTATIC_MELANOMA,HTRA1
NABA_Hs_MATRISOME_POORLY_METASTATIC_MELANOMA,ITIH4
NABA_Hs_MATRISOME_POORLY_METASTATIC_MELANOMA,LEPREL2
NABA_Hs_MATRISOME_POORLY_METASTATIC_MELANOMA,LGALS3
NABA_Hs_MATRISOME_POORLY_METASTATIC_MELANOMA,LMAN1
NABA_Hs_MATRISOME_POORLY_METASTATIC_MELANOMA,LOXL2
NABA_Hs_MATRISOME_POORLY_METASTATIC_MELANOMA,LTBP2
NABA_Hs_MATRISOME_POORLY_METASTATIC_MELANOMA,LUM
NABA_Hs_MATRISOME_POORLY_METASTATIC_MELANOMA,P4HA1
NABA_Hs_MATRISOME_POORLY_METASTATIC_MELANOMA,PLG
NABA_Hs_MATRISOME_POORLY_METASTATIC_MELANOMA,PLOD2
NABA_Hs_MATRISOME_POORLY_METASTATIC_MELANOMA,PLOD3
NABA_Hs_MATRISOME_POORLY_METASTATIC_MELANOMA,S100A13
NABA_Hs_MATRISOME_POORLY_METASTATIC_MELANOMA,S100A4
NABA_Hs_MATRISOME_POORLY_METASTATIC_MELANOMA,S100A6
NABA_Hs_MATRISOME_POORLY_METASTATIC_MELANOMA,SERPINA1A
NABA_Hs_MATRISOME_POORLY_METASTATIC_MELANOMA,SERPINA3K
NABA_Hs_MATRISOME_POORLY_METASTATIC_MELANOMA,SERPINB1
NABA_Hs_MATRISOME_POORLY_METASTATIC_MELANOMA,SERPINF1
NABA_Hs_MATRISOME_POORLY_METASTATIC_MELANOMA,SERPINF2
NABA_Hs_MATRISOME_POORLY_METASTATIC_MELANOMA,TGFB1
NABA_Hs_MATRISOME_POORLY_METASTATIC_MELANOMA,THBS1
NABA_Hs_MATRISOME_POORLY_METASTATIC_MELANOMA,TNN
NABA_Hs_MATRISOME_POORLY_METASTATIC_MELANOMA,VWA1
NABA_Hs_MATRISOME_HIGHLY_METASTATIC_MELANOMA,COL5A1
NABA_Hs_MATRISOME_HIGHLY_METASTATIC_MELANOMA,SERPINE2
NABA_Hs_MATRISOME_HIGHLY_METASTATIC_MELANOMA,CILP
NABA_Hs_MATRISOME_HIGHLY_METASTATIC_MELANOMA,COL10A1
NABA_Hs_MATRISOME_HIGHLY_METASTATIC_MELANOMA,COL11A2
NABA_Hs_MATRISOME_HIGHLY_METASTATIC_MELANOMA,COL28A1
NABA_Hs_MATRISOME_HIGHLY_METASTATIC_MELANOMA,COL8A1
NABA_Hs_MATRISOME_HIGHLY_METASTATIC_MELANOMA,COL8A2
NABA_Hs_MATRISOME_HIGHLY_METASTATIC_MELANOMA,CSPG4
NABA_Hs_MATRISOME_HIGHLY_METASTATIC_MELANOMA,EMILIN2
NABA_Hs_MATRISOME_HIGHLY_METASTATIC_MELANOMA,EMILIN3
NABA_Hs_MATRISOME_HIGHLY_METASTATIC_MELANOMA,HAPLN1
NABA_Hs_MATRISOME_HIGHLY_METASTATIC_MELANOMA,HMCN1
NABA_Hs_MATRISOME_HIGHLY_METASTATIC_MELANOMA,ITIH1
NABA_Hs_MATRISOME_HIGHLY_METASTATIC_MELANOMA,ITIH2
NABA_Hs_MATRISOME_HIGHLY_METASTATIC_MELANOMA,LAMB2
NABA_Hs_MATRISOME_HIGHLY_METASTATIC_MELANOMA,LOXL4
NABA_Hs_MATRISOME_HIGHLY_METASTATIC_MELANOMA,PXDN
NABA_Hs_MATRISOME_POORLY_METASTATIC_BREAST_CANCER_TUMOR_CELL_DERIVED,MMP1
NABA_Hs_MATRISOME_POORLY_METASTATIC_BREAST_CANCER_TUMOR_CELL_DERIVED,MMP19
NABA_Hs_MATRISOME_POORLY_METASTATIC_BREAST_CANCER_TUMOR_CELL_DERIVED,NGLY1
NABA_Hs_MATRISOME_POORLY_METASTATIC_BREAST_CANCER_TUMOR_CELL_DERIVED,FLG2
NABA_Hs_MATRISOME_POORLY_METASTATIC_BREAST_CANCER_TUMOR_CELL_DERIVED,PLAT
NABA_Hs_MATRISOME_POORLY_METASTATIC_BREAST_CANCER_TUMOR_CELL_DERIVED,S100A16
NABA_Hs_MATRISOME_POORLY_METASTATIC_BREAST_CANCER_TUMOR_CELL_DERIVED,COL17A1
NABA_Hs_MATRISOME_POORLY_METASTATIC_BREAST_CANCER_TUMOR_CELL_DERIVED,COL19A1
NABA_Hs_MATRISOME_POORLY_METASTATIC_BREAST_CANCER_TUMOR_CELL_DERIVED,FBLN5
NABA_Hs_MATRISOME_POORLY_METASTATIC_BREAST_CANCER_TUMOR_CELL_DERIVED,OGN
NABA_Hs_MATRISOME_POORLY_METASTATIC_BREAST_CANCER_TUMOR_CELL_DERIVED,S100A8
NABA_Hs_MATRISOME_POORLY_METASTATIC_BREAST_CANCER_TUMOR_CELL_DERIVED,EMID2
NABA_Hs_MATRISOME_POORLY_METASTATIC_BREAST_CANCER,MMP1
NABA_Hs_MATRISOME_POORLY_METASTATIC_BREAST_CANCER,MMP19
NABA_Hs_MATRISOME_POORLY_METASTATIC_BREAST_CANCER,NGLY1
NABA_Hs_MATRISOME_POORLY_METASTATIC_BREAST_CANCER,TIMP3
NABA_Hs_MATRISOME_POORLY_METASTATIC_BREAST_CANCER,FLG2
NABA_Hs_MATRISOME_POORLY_METASTATIC_BREAST_CANCER,ITIH3
NABA_Hs_MATRISOME_POORLY_METASTATIC_BREAST_CANCER,PLAT
NABA_Hs_MATRISOME_POORLY_METASTATIC_BREAST_CANCER,S100A16
NABA_Hs_MATRISOME_POORLY_METASTATIC_BREAST_CANCER,EMILIN2
NABA_Hs_MATRISOME_POORLY_METASTATIC_BREAST_CANCER,ASPN
NABA_Hs_MATRISOME_POORLY_METASTATIC_BREAST_CANCER,LUM
NABA_Hs_MATRISOME_POORLY_METASTATIC_BREAST_CANCER,PRELP
NABA_Hs_MATRISOME_POORLY_METASTATIC_BREAST_CANCER,TNXB
NABA_Hs_MATRISOME_POORLY_METASTATIC_BREAST_CANCER,COL17A1
NABA_Hs_MATRISOME_POORLY_METASTATIC_BREAST_CANCER,COL19A1
NABA_Hs_MATRISOME_POORLY_METASTATIC_BREAST_CANCER,COL28A1
NABA_Hs_MATRISOME_POORLY_METASTATIC_BREAST_CANCER,GM7455
NABA_Hs_MATRISOME_POORLY_METASTATIC_BREAST_CANCER,COL6A6
NABA_Hs_MATRISOME_POORLY_METASTATIC_BREAST_CANCER,FBLN5
NABA_Hs_MATRISOME_POORLY_METASTATIC_BREAST_CANCER,HMCN1
NABA_Hs_MATRISOME_POORLY_METASTATIC_BREAST_CANCER,LAMA2
NABA_Hs_MATRISOME_POORLY_METASTATIC_BREAST_CANCER,OGN
NABA_Hs_MATRISOME_POORLY_METASTATIC_BREAST_CANCER,THBS2
NABA_Hs_MATRISOME_POORLY_METASTATIC_BREAST_CANCER,S100A8
NABA_Hs_MATRISOME_POORLY_METASTATIC_BREAST_CANCER,EMID2
NABA_Hs_MATRISOME_POORLY_METASTATIC_BREAST_CANCER,VWA1
NABA_Hs_MATRISOME_HIGHLY_METASTATIC_BREAST_CANCER_TUMOR_CELL_DERIVED,EGLN1
NABA_Hs_MATRISOME_HIGHLY_METASTATIC_BREAST_CANCER_TUMOR_CELL_DERIVED,S100A2
NABA_Hs_MATRISOME_HIGHLY_METASTATIC_BREAST_CANCER_TUMOR_CELL_DERIVED,SERPINE2
NABA_Hs_MATRISOME_HIGHLY_METASTATIC_BREAST_CANCER_TUMOR_CELL_DERIVED,ADAM10
NABA_Hs_MATRISOME_HIGHLY_METASTATIC_BREAST_CANCER_TUMOR_CELL_DERIVED,ADAM9
NABA_Hs_MATRISOME_HIGHLY_METASTATIC_BREAST_CANCER_TUMOR_CELL_DERIVED,ANGPTL4
NABA_Hs_MATRISOME_HIGHLY_METASTATIC_BREAST_CANCER_TUMOR_CELL_DERIVED,CST3
NABA_Hs_MATRISOME_HIGHLY_METASTATIC_BREAST_CANCER_TUMOR_CELL_DERIVED,CTSB
NABA_Hs_MATRISOME_HIGHLY_METASTATIC_BREAST_CANCER_TUMOR_CELL_DERIVED,CTSC
NABA_Hs_MATRISOME_HIGHLY_METASTATIC_BREAST_CANCER_TUMOR_CELL_DERIVED,CTSF
NABA_Hs_MATRISOME_HIGHLY_METASTATIC_BREAST_CANCER_TUMOR_CELL_DERIVED,HCFC2
NABA_Hs_MATRISOME_HIGHLY_METASTATIC_BREAST_CANCER_TUMOR_CELL_DERIVED,HTRA1
NABA_Hs_MATRISOME_HIGHLY_METASTATIC_BREAST_CANCER_TUMOR_CELL_DERIVED,LEPREL2
NABA_Hs_MATRISOME_HIGHLY_METASTATIC_BREAST_CANCER_TUMOR_CELL_DERIVED,LOXL2
NABA_Hs_MATRISOME_HIGHLY_METASTATIC_BREAST_CANCER_TUMOR_CELL_DERIVED,P4HTM
NABA_Hs_MATRISOME_HIGHLY_METASTATIC_BREAST_CANCER_TUMOR_CELL_DERIVED,S100A10
NABA_Hs_MATRISOME_HIGHLY_METASTATIC_BREAST_CANCER_TUMOR_CELL_DERIVED,TIMP1
NABA_Hs_MATRISOME_HIGHLY_METASTATIC_BREAST_CANCER_TUMOR_CELL_DERIVED,COL22A1
NABA_Hs_MATRISOME_HIGHLY_METASTATIC_BREAST_CANCER_TUMOR_CELL_DERIVED,CTGF
NABA_Hs_MATRISOME_HIGHLY_METASTATIC_BREAST_CANCER_TUMOR_CELL_DERIVED,TINAGL1
NABA_Hs_MATRISOME_HIGHLY_METASTATIC_BREAST_CANCER_TUMOR_CELL_DERIVED,AGRN
NABA_Hs_MATRISOME_HIGHLY_METASTATIC_BREAST_CANCER_TUMOR_CELL_DERIVED,COL24A1
NABA_Hs_MATRISOME_HIGHLY_METASTATIC_BREAST_CANCER_TUMOR_CELL_DERIVED,EFEMP2
NABA_Hs_MATRISOME_HIGHLY_METASTATIC_BREAST_CANCER_TUMOR_CELL_DERIVED,IGFBP4
NABA_Hs_MATRISOME_HIGHLY_METASTATIC_BREAST_CANCER_TUMOR_CELL_DERIVED,LTBP3
NABA_Hs_MATRISOME_HIGHLY_METASTATIC_BREAST_CANCER_TUMOR_CELL_DERIVED,MFGE8
NABA_Hs_MATRISOME_HIGHLY_METASTATIC_BREAST_CANCER_TUMOR_CELL_DERIVED,PRG4
NABA_Hs_MATRISOME_HIGHLY_METASTATIC_BREAST_CANCER_TUMOR_CELL_DERIVED,SNED1
NABA_Hs_MATRISOME_HIGHLY_METASTATIC_BREAST_CANCER_TUMOR_CELL_DERIVED,SRPX
NABA_Hs_MATRISOME_HIGHLY_METASTATIC_BREAST_CANCER,EGLN1
NABA_Hs_MATRISOME_HIGHLY_METASTATIC_BREAST_CANCER,F10
NABA_Hs_MATRISOME_HIGHLY_METASTATIC_BREAST_CANCER,F13B
NABA_Hs_MATRISOME_HIGHLY_METASTATIC_BREAST_CANCER,ITIH4
NABA_Hs_MATRISOME_HIGHLY_METASTATIC_BREAST_CANCER,S100A2
NABA_Hs_MATRISOME_HIGHLY_METASTATIC_BREAST_CANCER,SERPINC1
NABA_Hs_MATRISOME_HIGHLY_METASTATIC_BREAST_CANCER,SERPINE2
NABA_Hs_MATRISOME_HIGHLY_METASTATIC_BREAST_CANCER,ADAM10
NABA_Hs_MATRISOME_HIGHLY_METASTATIC_BREAST_CANCER,ADAM9
NABA_Hs_MATRISOME_HIGHLY_METASTATIC_BREAST_CANCER,ANGPTL4
NABA_Hs_MATRISOME_HIGHLY_METASTATIC_BREAST_CANCER,C1QA
NABA_Hs_MATRISOME_HIGHLY_METASTATIC_BREAST_CANCER,C1QC
NABA_Hs_MATRISOME_HIGHLY_METASTATIC_BREAST_CANCER,CST3
NABA_Hs_MATRISOME_HIGHLY_METASTATIC_BREAST_CANCER,CTSB
NABA_Hs_MATRISOME_HIGHLY_METASTATIC_BREAST_CANCER,CTSC
NABA_Hs_MATRISOME_HIGHLY_METASTATIC_BREAST_CANCER,CTSF
NABA_Hs_MATRISOME_HIGHLY_METASTATIC_BREAST_CANCER,HABP2
NABA_Hs_MATRISOME_HIGHLY_METASTATIC_BREAST_CANCER,HCFC2
NABA_Hs_MATRISOME_HIGHLY_METASTATIC_BREAST_CANCER,HTRA1
NABA_Hs_MATRISOME_HIGHLY_METASTATIC_BREAST_CANCER,IL16
NABA_Hs_MATRISOME_HIGHLY_METASTATIC_BREAST_CANCER,LEPREL2
NABA_Hs_MATRISOME_HIGHLY_METASTATIC_BREAST_CANCER,LOXL2
NABA_Hs_MATRISOME_HIGHLY_METASTATIC_BREAST_CANCER,P4HTM
NABA_Hs_MATRISOME_HIGHLY_METASTATIC_BREAST_CANCER,PLXNB2
NABA_Hs_MATRISOME_HIGHLY_METASTATIC_BREAST_CANCER,S100A10
NABA_Hs_MATRISOME_HIGHLY_METASTATIC_BREAST_CANCER,SERPINA1B
NABA_Hs_MATRISOME_HIGHLY_METASTATIC_BREAST_CANCER,SERPINF1
NABA_Hs_MATRISOME_HIGHLY_METASTATIC_BREAST_CANCER,TIMP1
NABA_Hs_MATRISOME_HIGHLY_METASTATIC_BREAST_CANCER,COL22A1
NABA_Hs_MATRISOME_HIGHLY_METASTATIC_BREAST_CANCER,CTGF
NABA_Hs_MATRISOME_HIGHLY_METASTATIC_BREAST_CANCER,PAPLN
NABA_Hs_MATRISOME_HIGHLY_METASTATIC_BREAST_CANCER,TINAGL1
NABA_Hs_MATRISOME_HIGHLY_METASTATIC_BREAST_CANCER,VWF
NABA_Hs_MATRISOME_HIGHLY_METASTATIC_BREAST_CANCER,AGRN
NABA_Hs_MATRISOME_HIGHLY_METASTATIC_BREAST_CANCER,COL24A1
NABA_Hs_MATRISOME_HIGHLY_METASTATIC_BREAST_CANCER,COL4A6
NABA_Hs_MATRISOME_HIGHLY_METASTATIC_BREAST_CANCER,EFEMP2
NABA_Hs_MATRISOME_HIGHLY_METASTATIC_BREAST_CANCER,IGFBP4
NABA_Hs_MATRISOME_HIGHLY_METASTATIC_BREAST_CANCER,LTBP3
NABA_Hs_MATRISOME_HIGHLY_METASTATIC_BREAST_CANCER,MFGE8
NABA_Hs_MATRISOME_HIGHLY_METASTATIC_BREAST_CANCER,PRG4
NABA_Hs_MATRISOME_HIGHLY_METASTATIC_BREAST_CANCER,SNED1
NABA_Hs_MATRISOME_HIGHLY_METASTATIC_BREAST_CANCER,SRPX
NABA_Hs_MATRISOME_PRIMARY_METASTATIC_COLORECTAL_TUMOR,ADAM10
NABA_Hs_MATRISOME_PRIMARY_METASTATIC_COLORECTAL_TUMOR,ADAM9
NABA_Hs_MATRISOME_PRIMARY_METASTATIC_COLORECTAL_TUMOR,ADAMTSL1
NABA_Hs_MATRISOME_PRIMARY_METASTATIC_COLORECTAL_TUMOR,C15ORF44
NABA_Hs_MATRISOME_PRIMARY_METASTATIC_COLORECTAL_TUMOR,CLEC11A
NABA_Hs_MATRISOME_PRIMARY_METASTATIC_COLORECTAL_TUMOR,CSPG4
NABA_Hs_MATRISOME_PRIMARY_METASTATIC_COLORECTAL_TUMOR,EMID1
NABA_Hs_MATRISOME_PRIMARY_METASTATIC_COLORECTAL_TUMOR,FCN1
NABA_Hs_MATRISOME_PRIMARY_METASTATIC_COLORECTAL_TUMOR,FGL2
NABA_Hs_MATRISOME_PRIMARY_METASTATIC_COLORECTAL_TUMOR,FMOD
NABA_Hs_MATRISOME_PRIMARY_METASTATIC_COLORECTAL_TUMOR,LEFTY1
NABA_Hs_MATRISOME_PRIMARY_METASTATIC_COLORECTAL_TUMOR,LEPRE1
NABA_Hs_MATRISOME_PRIMARY_METASTATIC_COLORECTAL_TUMOR,LOXL1
NABA_Hs_MATRISOME_PRIMARY_METASTATIC_COLORECTAL_TUMOR,MEGF8
NABA_Hs_MATRISOME_PRIMARY_METASTATIC_COLORECTAL_TUMOR,MFGE8
NABA_Hs_MATRISOME_PRIMARY_METASTATIC_COLORECTAL_TUMOR,MMP1
NABA_Hs_MATRISOME_PRIMARY_METASTATIC_COLORECTAL_TUMOR,MMP11
NABA_Hs_MATRISOME_PRIMARY_METASTATIC_COLORECTAL_TUMOR,MMP12
NABA_Hs_MATRISOME_PRIMARY_METASTATIC_COLORECTAL_TUMOR,MMP2
NABA_Hs_MATRISOME_PRIMARY_METASTATIC_COLORECTAL_TUMOR,MMP9
NABA_Hs_MATRISOME_PRIMARY_METASTATIC_COLORECTAL_TUMOR,MMRN1
NABA_Hs_MATRISOME_PRIMARY_METASTATIC_COLORECTAL_TUMOR,MMRN2
NABA_Hs_MATRISOME_PRIMARY_METASTATIC_COLORECTAL_TUMOR,MUC13
NABA_Hs_MATRISOME_PRIMARY_METASTATIC_COLORECTAL_TUMOR,PAPLN
NABA_Hs_MATRISOME_PRIMARY_METASTATIC_COLORECTAL_TUMOR,PLOD2
NABA_Hs_MATRISOME_PRIMARY_METASTATIC_COLORECTAL_TUMOR,PLOD3
NABA_Hs_MATRISOME_PRIMARY_METASTATIC_COLORECTAL_TUMOR,PLXNB2
NABA_Hs_MATRISOME_PRIMARY_METASTATIC_COLORECTAL_TUMOR,PLXNC2
NABA_Hs_MATRISOME_PRIMARY_METASTATIC_COLORECTAL_TUMOR,PLXND1
NABA_Hs_MATRISOME_PRIMARY_METASTATIC_COLORECTAL_TUMOR,S100A11
NABA_Hs_MATRISOME_PRIMARY_METASTATIC_COLORECTAL_TUMOR,S100A14
NABA_Hs_MATRISOME_PRIMARY_METASTATIC_COLORECTAL_TUMOR,S100A16
NABA_Hs_MATRISOME_PRIMARY_METASTATIC_COLORECTAL_TUMOR,SERPINA3
NABA_Hs_MATRISOME_PRIMARY_METASTATIC_COLORECTAL_TUMOR,SERPINF1
NABA_Hs_MATRISOME_PRIMARY_METASTATIC_COLORECTAL_TUMOR,SPARC
NABA_Hs_MATRISOME_PRIMARY_METASTATIC_COLORECTAL_TUMOR,SVEP1
NABA_Hs_MATRISOME_PRIMARY_METASTATIC_COLORECTAL_TUMOR,TGFB1
NABA_Hs_MATRISOME_PRIMARY_METASTATIC_COLORECTAL_TUMOR,AGRN
NABA_Hs_MATRISOME_PRIMARY_METASTATIC_COLORECTAL_TUMOR,ANXA5
NABA_Hs_MATRISOME_PRIMARY_METASTATIC_COLORECTAL_TUMOR,C1QA
NABA_Hs_MATRISOME_PRIMARY_METASTATIC_COLORECTAL_TUMOR,C1QB
NABA_Hs_MATRISOME_PRIMARY_METASTATIC_COLORECTAL_TUMOR,COL22A1
NABA_Hs_MATRISOME_PRIMARY_METASTATIC_COLORECTAL_TUMOR,EFEMP2
NABA_Hs_MATRISOME_PRIMARY_METASTATIC_COLORECTAL_TUMOR,F2
NABA_Hs_MATRISOME_PRIMARY_METASTATIC_COLORECTAL_TUMOR,GPC4
NABA_Hs_MATRISOME_PRIMARY_METASTATIC_COLORECTAL_TUMOR,HCFC1
NABA_Hs_MATRISOME_PRIMARY_METASTATIC_COLORECTAL_TUMOR,HMCN1
NABA_Hs_MATRISOME_PRIMARY_METASTATIC_COLORECTAL_TUMOR,HTRA1
NABA_Hs_MATRISOME_PRIMARY_METASTATIC_COLORECTAL_TUMOR,LOXL2
NABA_Hs_MATRISOME_PRIMARY_METASTATIC_COLORECTAL_TUMOR,LTBP2
NABA_Hs_MATRISOME_PRIMARY_METASTATIC_COLORECTAL_TUMOR,MUC16
NABA_Hs_MATRISOME_PRIMARY_METASTATIC_COLORECTAL_TUMOR,MXRA5
NABA_Hs_MATRISOME_PRIMARY_METASTATIC_COLORECTAL_TUMOR,PLOD1
NABA_Hs_MATRISOME_PRIMARY_METASTATIC_COLORECTAL_TUMOR,PXDN
NABA_Hs_MATRISOME_PRIMARY_METASTATIC_COLORECTAL_TUMOR,SERPINB1
NABA_Hs_MATRISOME_PRIMARY_METASTATIC_COLORECTAL_TUMOR,SERPINE2
NABA_Hs_MATRISOME_PRIMARY_METASTATIC_COLORECTAL_TUMOR,SFTPD
NABA_Hs_MATRISOME_PRIMARY_METASTATIC_COLORECTAL_TUMOR,ST14
NABA_Hs_MATRISOME_PRIMARY_METASTATIC_COLORECTAL_TUMOR,THBS2
NABA_Hs_MATRISOME_PRIMARY_METASTATIC_COLORECTAL_TUMOR,TIMP1
NABA_Hs_MATRISOME_METASTATIC_COLORECTAL_LIVER_METASTASIS,BMP1
NABA_Hs_MATRISOME_METASTATIC_COLORECTAL_LIVER_METASTASIS,C1QTNF5
NABA_Hs_MATRISOME_METASTATIC_COLORECTAL_LIVER_METASTASIS,COMP
NABA_Hs_MATRISOME_METASTATIC_COLORECTAL_LIVER_METASTASIS,FNDC1
NABA_Hs_MATRISOME_METASTATIC_COLORECTAL_LIVER_METASTASIS,HPX
NABA_Hs_MATRISOME_METASTATIC_COLORECTAL_LIVER_METASTASIS,IGFALS
NABA_Hs_MATRISOME_METASTATIC_COLORECTAL_LIVER_METASTASIS,SPP1
NABA_Hs_MATRISOME_METASTATIC_COLORECTAL_LIVER_METASTASIS,AGRN
NABA_Hs_MATRISOME_METASTATIC_COLORECTAL_LIVER_METASTASIS,ANXA5
NABA_Hs_MATRISOME_METASTATIC_COLORECTAL_LIVER_METASTASIS,C1QA
NABA_Hs_MATRISOME_METASTATIC_COLORECTAL_LIVER_METASTASIS,C1QB
NABA_Hs_MATRISOME_METASTATIC_COLORECTAL_LIVER_METASTASIS,COL22A1
NABA_Hs_MATRISOME_METASTATIC_COLORECTAL_LIVER_METASTASIS,EFEMP2
NABA_Hs_MATRISOME_METASTATIC_COLORECTAL_LIVER_METASTASIS,F2
NABA_Hs_MATRISOME_METASTATIC_COLORECTAL_LIVER_METASTASIS,GPC4
NABA_Hs_MATRISOME_METASTATIC_COLORECTAL_LIVER_METASTASIS,HCFC1
NABA_Hs_MATRISOME_METASTATIC_COLORECTAL_LIVER_METASTASIS,HMCN1
NABA_Hs_MATRISOME_METASTATIC_COLORECTAL_LIVER_METASTASIS,HTRA1
NABA_Hs_MATRISOME_METASTATIC_COLORECTAL_LIVER_METASTASIS,LOXL2
NABA_Hs_MATRISOME_METASTATIC_COLORECTAL_LIVER_METASTASIS,LTBP2
NABA_Hs_MATRISOME_METASTATIC_COLORECTAL_LIVER_METASTASIS,MUC16
NABA_Hs_MATRISOME_METASTATIC_COLORECTAL_LIVER_METASTASIS,MXRA5
NABA_Hs_MATRISOME_METASTATIC_COLORECTAL_LIVER_METASTASIS,PLOD1
NABA_Hs_MATRISOME_METASTATIC_COLORECTAL_LIVER_METASTASIS,PXDN
NABA_Hs_MATRISOME_METASTATIC_COLORECTAL_LIVER_METASTASIS,SERPINB1
NABA_Hs_MATRISOME_METASTATIC_COLORECTAL_LIVER_METASTASIS,SERPINE2
NABA_Hs_MATRISOME_METASTATIC_COLORECTAL_LIVER_METASTASIS,SFTPD
NABA_Hs_MATRISOME_METASTATIC_COLORECTAL_LIVER_METASTASIS,ST14
NABA_Hs_MATRISOME_METASTATIC_COLORECTAL_LIVER_METASTASIS,THBS2
NABA_Hs_MATRISOME_METASTATIC_COLORECTAL_LIVER_METASTASIS,TIMP1
NABA_Mm_MATRISOME_INSULINOMA,EFEMP1
NABA_Mm_MATRISOME_INSULINOMA,FBN1
NABA_Mm_MATRISOME_INSULINOMA,FGA
NABA_Mm_MATRISOME_INSULINOMA,FGB
NABA_Mm_MATRISOME_INSULINOMA,FGG
NABA_Mm_MATRISOME_INSULINOMA,POSTN
NABA_Mm_MATRISOME_INSULINOMA,KNG1
NABA_Mm_MATRISOME_INSULINOMA,KNG2
NABA_Mm_MATRISOME_HYPERPLASTIC_PANCREATIC_ISLETS,DMBT1
NABA_Mm_MATRISOME_HYPERPLASTIC_PANCREATIC_ISLETS,HMCN1
NABA_Mm_MATRISOME_HYPERPLASTIC_PANCREATIC_ISLETS,VWA5A
NABA_Mm_MATRISOME_HYPERPLASTIC_PANCREATIC_ISLETS,DCN
NABA_Mm_MATRISOME_HYPERPLASTIC_PANCREATIC_ISLETS,ANXA11
NABA_Mm_MATRISOME_HYPERPLASTIC_PANCREATIC_ISLETS,ANXA3
NABA_Mm_MATRISOME_HYPERPLASTIC_PANCREATIC_ISLETS,ANXA6
NABA_Mm_MATRISOME_HYPERPLASTIC_PANCREATIC_ISLETS,ANXA6
NABA_Mm_MATRISOME_HYPERPLASTIC_PANCREATIC_ISLETS,ANXA7
NABA_Mm_MATRISOME_HYPERPLASTIC_PANCREATIC_ISLETS,LGALS1
NABA_Mm_MATRISOME_HYPERPLASTIC_PANCREATIC_ISLETS,LMAN1
NABA_Mm_MATRISOME_HYPERPLASTIC_PANCREATIC_ISLETS,REG1
NABA_Mm_MATRISOME_HYPERPLASTIC_PANCREATIC_ISLETS,REG2
NABA_Mm_MATRISOME_HYPERPLASTIC_PANCREATIC_ISLETS,REG3G
NABA_Mm_MATRISOME_HYPERPLASTIC_PANCREATIC_ISLETS,CELA1
NABA_Mm_MATRISOME_HYPERPLASTIC_PANCREATIC_ISLETS,CELA2A
NABA_Mm_MATRISOME_HYPERPLASTIC_PANCREATIC_ISLETS,CELA3B
NABA_Mm_MATRISOME_HYPERPLASTIC_PANCREATIC_ISLETS,CTSL
NABA_Mm_MATRISOME_HYPERPLASTIC_PANCREATIC_ISLETS,F2
NABA_Mm_MATRISOME_HYPERPLASTIC_PANCREATIC_ISLETS,GM5771
NABA_Mm_MATRISOME_HYPERPLASTIC_PANCREATIC_ISLETS,PRSS1
NABA_Mm_MATRISOME_HYPERPLASTIC_PANCREATIC_ISLETS,PRSS2
NABA_Mm_MATRISOME_HYPERPLASTIC_PANCREATIC_ISLETS,PRSS3
NABA_Mm_MATRISOME_HYPERPLASTIC_PANCREATIC_ISLETS,SERPINB1A
NABA_Mm_MATRISOME_HYPERPLASTIC_PANCREATIC_ISLETS,SERPINI2
NABA_Mm_MATRISOME_HYPERPLASTIC_PANCREATIC_ISLETS,TRY10
NABA_Mm_MATRISOME_HYPERPLASTIC_PANCREATIC_ISLETS,TRY4
NABA_Mm_MATRISOME_ANGIOGENIC_PANCREATIC_ISLETS,EFEMP1
NABA_Mm_MATRISOME_ANGIOGENIC_PANCREATIC_ISLETS,FGA
NABA_Mm_MATRISOME_ANGIOGENIC_PANCREATIC_ISLETS,FGB
NABA_Mm_MATRISOME_ANGIOGENIC_PANCREATIC_ISLETS,FGG
NABA_Mm_MATRISOME_ANGIOGENIC_PANCREATIC_ISLETS,POSTN
NABA_Mm_MATRISOME_ANGIOGENIC_PANCREATIC_ISLETS,KNG1
NABA_Mm_MATRISOME_ANGIOGENIC_PANCREATIC_ISLETS,KNG2
NABA_Hs_MATRISOME_MULTIPLE_MYELOMA,ANXA1
NABA_Hs_MATRISOME_MULTIPLE_MYELOMA,ANXA2
NABA_Hs_MATRISOME_MULTIPLE_MYELOMA,ANXA6
NABA_Hs_MATRISOME_MULTIPLE_MYELOMA,COL4A5
NABA_Hs_MATRISOME_MULTIPLE_MYELOMA,CTSC
NABA_Hs_MATRISOME_MULTIPLE_MYELOMA,CTSD
NABA_Hs_MATRISOME_MULTIPLE_MYELOMA,CTSS
NABA_Hs_MATRISOME_MULTIPLE_MYELOMA,FGA
NABA_Hs_MATRISOME_MULTIPLE_MYELOMA,LGALS1
NABA_Hs_MATRISOME_MULTIPLE_MYELOMA,SERPINA1
NABA_Hs_MATRISOME_RELAPSED_MULTIPLE_MYELOMA,CLC
NABA_Hs_MATRISOME_RELAPSED_MULTIPLE_MYELOMA,FGG
NABA_Hs_MATRISOME_RELAPSED_MULTIPLE_MYELOMA,MXRA5
NABA_Mm_MATRISOME_BLEO_FIBROTIC_LUNG,FN1
NABA_Mm_MATRISOME_BLEO_FIBROTIC_LUNG,S100A11
NABA_Mm_MATRISOME_BLEO_FIBROTIC_LUNG,TNC
NABA_Mm_MATRISOME_BLEO_FIBROTIC_LUNG,COL6A1
NABA_Mm_MATRISOME_BLEO_FIBROTIC_LUNG,COL6A2
NABA_Mm_MATRISOME_BLEO_FIBROTIC_LUNG,CTSD
NABA_Mm_MATRISOME_BLEO_FIBROTIC_LUNG,FBLN5
NABA_Mm_MATRISOME_BLEO_FIBROTIC_LUNG,HSPG2
NABA_Mm_MATRISOME_BLEO_FIBROTIC_LUNG,MFAP4
NABA_Mm_MATRISOME_BLEO_FIBROTIC_LUNG,OGN
NABA_Mm_MATRISOME_BLEO_FIBROTIC_LUNG,EMILIN1
NABA_Mm_MATRISOME_BLEO_FIBROTIC_LUNG,FGB
NABA_Mm_MATRISOME_BLEO_FIBROTIC_LUNG,LAMA3
NABA_Mm_MATRISOME_BLEO_FIBROTIC_LUNG,LAMA5
NABA_Mm_MATRISOME_BLEO_FIBROTIC_LUNG,LAMB2
NABA_Mm_MATRISOME_BLEO_FIBROTIC_LUNG,LAMB3
NABA_Mm_MATRISOME_BLEO_FIBROTIC_LUNG,LAMC1
NABA_Mm_MATRISOME_BLEO_FIBROTIC_LUNG,LAMC2
NABA_Mm_MATRISOME_BLEO_FIBROTIC_LUNG,NID1
NABA_Mm_MATRISOME_BLEO_FIBROTIC_LUNG,POSTN
NABA_Mm_MATRISOME_BLEO_FIBROTIC_LUNG,TINAGL
NABA_Mm_MATRISOME_PRIMARY_METASTATIC_LUNG_TUMOR,FN1
NABA_Mm_MATRISOME_PRIMARY_METASTATIC_LUNG_TUMOR,S100A11
NABA_Mm_MATRISOME_PRIMARY_METASTATIC_LUNG_TUMOR,TNC
NABA_Mm_MATRISOME_PRIMARY_METASTATIC_LUNG_TUMOR,CTSD
NABA_Mm_MATRISOME_PRIMARY_METASTATIC_LUNG_TUMOR,FBLN5
NABA_Mm_MATRISOME_PRIMARY_METASTATIC_LUNG_TUMOR,HSPG2
NABA_Mm_MATRISOME_PRIMARY_METASTATIC_LUNG_TUMOR,MFAP4
NABA_Mm_MATRISOME_PRIMARY_METASTATIC_LUNG_TUMOR,OGN
NABA_Mm_MATRISOME_PRIMARY_METASTATIC_LUNG_TUMOR,AGRN
NABA_Mm_MATRISOME_PRIMARY_METASTATIC_LUNG_TUMOR,COL14A1
NABA_Mm_MATRISOME_PRIMARY_METASTATIC_LUNG_TUMOR,COL16A1
NABA_Mm_MATRISOME_PRIMARY_METASTATIC_LUNG_TUMOR,COL2A1
NABA_Mm_MATRISOME_PRIMARY_METASTATIC_LUNG_TUMOR,COL3A1
NABA_Mm_MATRISOME_PRIMARY_METASTATIC_LUNG_TUMOR,LAMA1
NABA_Mm_MATRISOME_PRIMARY_METASTATIC_LUNG_TUMOR,LTBP2
NABA_Mm_MATRISOME_PRIMARY_METASTATIC_LUNG_TUMOR,NID1
NABA_Mm_MATRISOME_PRIMARY_METASTATIC_LUNG_TUMOR,S100A10
NABA_Mm_MATRISOME_PRIMARY_METASTATIC_LUNG_TUMOR,CCBE1
NABA_Mm_MATRISOME_PRIMARY_METASTATIC_LUNG_TUMOR,COL12A1
NABA_Mm_MATRISOME_PRIMARY_METASTATIC_LUNG_TUMOR,COL18A1
NABA_Mm_MATRISOME_PRIMARY_METASTATIC_LUNG_TUMOR,COL1A1
NABA_Mm_MATRISOME_PRIMARY_METASTATIC_LUNG_TUMOR,COL1A2
NABA_Mm_MATRISOME_PRIMARY_METASTATIC_LUNG_TUMOR,COL8A1
NABA_Mm_MATRISOME_PRIMARY_METASTATIC_LUNG_TUMOR,F2
NABA_Mm_MATRISOME_PRIMARY_METASTATIC_LUNG_TUMOR,FBLN2
NABA_Mm_MATRISOME_PRIMARY_METASTATIC_LUNG_TUMOR,ITIH2
NABA_Mm_MATRISOME_PRIMARY_METASTATIC_LUNG_TUMOR,LAMA4
NABA_Mm_MATRISOME_PRIMARY_METASTATIC_LUNG_TUMOR,LGALS3
NABA_Mm_MATRISOME_PRIMARY_METASTATIC_LUNG_TUMOR,LUM
NABA_Mm_MATRISOME_PRIMARY_METASTATIC_LUNG_TUMOR,NID2
NABA_Mm_MATRISOME_PRIMARY_METASTATIC_LUNG_TUMOR,NPNT
NABA_Mm_MATRISOME_PRIMARY_METASTATIC_LUNG_TUMOR,PRG2
NABA_Mm_MATRISOME_PRIMARY_METASTATIC_LUNG_TUMOR,SERPINA3K
NABA_Mm_MATRISOME_PRIMARY_METASTATIC_LUNG_TUMOR,SFTPB
NABA_Mm_MATRISOME_PRIMARY_METASTATIC_LUNG_TUMOR,SFTPD
NABA_Mm_MATRISOME_METASTATIC_LUNG_LYMPH_NODE_METASTASIS,FN1
NABA_Mm_MATRISOME_METASTATIC_LUNG_LYMPH_NODE_METASTASIS,S100A11
NABA_Mm_MATRISOME_METASTATIC_LUNG_LYMPH_NODE_METASTASIS,TNC
NABA_Mm_MATRISOME_METASTATIC_LUNG_LYMPH_NODE_METASTASIS,AGRN
NABA_Mm_MATRISOME_METASTATIC_LUNG_LYMPH_NODE_METASTASIS,COL14A1
NABA_Mm_MATRISOME_METASTATIC_LUNG_LYMPH_NODE_METASTASIS,COL16A1
NABA_Mm_MATRISOME_METASTATIC_LUNG_LYMPH_NODE_METASTASIS,COL1A1
NABA_Mm_MATRISOME_METASTATIC_LUNG_LYMPH_NODE_METASTASIS,COL2A1
NABA_Mm_MATRISOME_METASTATIC_LUNG_LYMPH_NODE_METASTASIS,COL3A1
NABA_Mm_MATRISOME_METASTATIC_LUNG_LYMPH_NODE_METASTASIS,LAMA1
NABA_Mm_MATRISOME_METASTATIC_LUNG_LYMPH_NODE_METASTASIS,LTBP2
NABA_Mm_MATRISOME_METASTATIC_LUNG_LYMPH_NODE_METASTASIS,NID2
NABA_Mm_MATRISOME_METASTATIC_LUNG_LYMPH_NODE_METASTASIS,NID1
NABA_Mm_MATRISOME_METASTATIC_LUNG_LYMPH_NODE_METASTASIS,S100A10
NABA_Mm_MATRISOME_METASTATIC_LUNG_LYMPH_NODE_METASTASIS,ANXA4
NABA_Mm_MATRISOME_METASTATIC_LUNG_LYMPH_NODE_METASTASIS,ELN
NABA_Mm_MATRISOME_METASTATIC_LUNG_LYMPH_NODE_METASTASIS,ANXA6
NABA_Mm_MATRISOME_METASTATIC_LUNG_LYMPH_NODE_METASTASIS,COL10A1
NABA_Mm_MATRISOME_METASTATIC_LUNG_LYMPH_NODE_METASTASIS,COL5A2
NABA_Mm_MATRISOME_METASTATIC_LUNG_LYMPH_NODE_METASTASIS,COL5A1
NABA_Mm_MATRISOME_METASTATIC_LUNG_LYMPH_NODE_METASTASIS,COL11A2
NABA_Mm_MATRISOME_METASTATIC_LUNG_LYMPH_NODE_METASTASIS,IGFBP7
NABA_Mm_MATRISOME_METASTATIC_LUNG_LYMPH_NODE_METASTASIS,ITIH4
NABA_Mm_MATRISOME_METASTATIC_LUNG_LYMPH_NODE_METASTASIS,PXDN
NABA_Mm_MATRISOME_METASTATIC_LUNG_LYMPH_NODE_METASTASIS,S100A6
NABA_Mm_MATRISOME_METASTATIC_LUNG_LYMPH_NODE_METASTASIS,SERPINH1
NABA_Mm_MATRISOME_METASTATIC_LUNG_LYMPH_NODE_METASTASIS,TGFBI
NABA_Mm_MATRISOME_METASTATIC_LUNG_LYMPH_NODE_METASTASIS,COL6A1
NABA_Mm_MATRISOME_METASTATIC_LUNG_LYMPH_NODE_METASTASIS,COL6A2
NABA_Hs_MATRISOME_HGSOC_OMENTAL_METASTASIS,COL16A1
NABA_Hs_MATRISOME_HGSOC_OMENTAL_METASTASIS,COL4A4
NABA_Hs_MATRISOME_HGSOC_OMENTAL_METASTASIS,COL5A1
NABA_Hs_MATRISOME_HGSOC_OMENTAL_METASTASIS,AEBP1
NABA_Hs_MATRISOME_HGSOC_OMENTAL_METASTASIS,AGRN
NABA_Hs_MATRISOME_HGSOC_OMENTAL_METASTASIS,CILP
NABA_Hs_MATRISOME_HGSOC_OMENTAL_METASTASIS,COMP
NABA_Hs_MATRISOME_HGSOC_OMENTAL_METASTASIS,CTHRC1
NABA_Hs_MATRISOME_HGSOC_OMENTAL_METASTASIS,EFEMP2
NABA_Hs_MATRISOME_HGSOC_OMENTAL_METASTASIS,FBLN1
NABA_Hs_MATRISOME_HGSOC_OMENTAL_METASTASIS,FBLN2
NABA_Hs_MATRISOME_HGSOC_OMENTAL_METASTASIS,FBLN5
NABA_Hs_MATRISOME_HGSOC_OMENTAL_METASTASIS,FGL2
NABA_Hs_MATRISOME_HGSOC_OMENTAL_METASTASIS,IGFBP7
NABA_Hs_MATRISOME_HGSOC_OMENTAL_METASTASIS,LTBP2
NABA_Hs_MATRISOME_HGSOC_OMENTAL_METASTASIS,MFGE8
NABA_Hs_MATRISOME_HGSOC_OMENTAL_METASTASIS,MGP
NABA_Hs_MATRISOME_HGSOC_OMENTAL_METASTASIS,MXRA5
NABA_Hs_MATRISOME_HGSOC_OMENTAL_METASTASIS,NPNT
NABA_Hs_MATRISOME_HGSOC_OMENTAL_METASTASIS,PCOLCE
NABA_Hs_MATRISOME_HGSOC_OMENTAL_METASTASIS,PXDN
NABA_Hs_MATRISOME_HGSOC_OMENTAL_METASTASIS,SPON1
NABA_Hs_MATRISOME_HGSOC_OMENTAL_METASTASIS,THBS1
NABA_Hs_MATRISOME_HGSOC_OMENTAL_METASTASIS,THBS1
NABA_Hs_MATRISOME_HGSOC_OMENTAL_METASTASIS,THBS2
NABA_Hs_MATRISOME_HGSOC_OMENTAL_METASTASIS,TNC
NABA_Hs_MATRISOME_HGSOC_OMENTAL_METASTASIS,CTSB
NABA_Hs_MATRISOME_HGSOC_OMENTAL_METASTASIS,CTSD
NABA_Hs_MATRISOME_HGSOC_OMENTAL_METASTASIS,F13A1
NABA_Hs_MATRISOME_HGSOC_OMENTAL_METASTASIS,F2
NABA_Hs_MATRISOME_HGSOC_OMENTAL_METASTASIS,HRG
NABA_Hs_MATRISOME_HGSOC_OMENTAL_METASTASIS,ITIH1
NABA_Hs_MATRISOME_HGSOC_OMENTAL_METASTASIS,ITIH2
NABA_Hs_MATRISOME_HGSOC_OMENTAL_METASTASIS,KNG1
NABA_Hs_MATRISOME_HGSOC_OMENTAL_METASTASIS,LEPRE1
NABA_Hs_MATRISOME_HGSOC_OMENTAL_METASTASIS,P4HA1
NABA_Hs_MATRISOME_HGSOC_OMENTAL_METASTASIS,PLOD2
NABA_Hs_MATRISOME_HGSOC_OMENTAL_METASTASIS,PLOD3
NABA_Hs_MATRISOME_HGSOC_OMENTAL_METASTASIS,SERPINA1
NABA_Hs_MATRISOME_HGSOC_OMENTAL_METASTASIS,SERPINA3
NABA_Hs_MATRISOME_HGSOC_OMENTAL_METASTASIS,SERPINF1
NABA_Hs_MATRISOME_HGSOC_OMENTAL_METASTASIS,SERPING1
NABA_Hs_MATRISOME_HGSOC_OMENTAL_METASTASIS,SLPI
NABA_Hs_MATRISOME_HGSOC_OMENTAL_METASTASIS,TIMP1
NABA_Hs_MATRISOME_HGSOC_OMENTAL_METASTASIS,TIMP2
NABA_Hs_MATRISOME_HGSOC_OMENTAL_METASTASIS,ANXA4
NABA_Hs_MATRISOME_HGSOC_OMENTAL_METASTASIS,ANXA5
NABA_Hs_MATRISOME_HGSOC_OMENTAL_METASTASIS,ANXA6
NABA_Hs_MATRISOME_HGSOC_OMENTAL_METASTASIS,C1QB
NABA_Hs_MATRISOME_HGSOC_OMENTAL_METASTASIS,C1QC
NABA_Hs_MATRISOME_HGSOC_OMENTAL_METASTASIS,CLEC3B
NABA_Hs_MATRISOME_HGSOC_OMENTAL_METASTASIS,HPX
NABA_Hs_MATRISOME_HGSOC_OMENTAL_METASTASIS,LMAN1
NABA_Hs_MATRISOME_HGSOC_OMENTAL_METASTASIS,SDC1
NABA_Hs_MATRISOME_HGSOC_OMENTAL_METASTASIS,FMOD
NABA_Hs_MATRISOME_HGSOC_OMENTAL_METASTASIS,VCAN
NABA_Hs_MATRISOME_HGSOC_OMENTAL_METASTASIS,S100A11
NABA_Hs_MATRISOME_HGSOC_OMENTAL_METASTASIS,S100A13
NABA_Hs_MATRISOME_HGSOC_OMENTAL_METASTASIS,S100A6
NABA_Hs_MATRISOME_HGSOC_OMENTAL_METASTASIS,SFRP4
DI.MARTINO_Hs_MATRISOME_HIGHLY_PROLIFERATIVE_HNSCC,COL12A1
DI.MARTINO_Hs_MATRISOME_HIGHLY_PROLIFERATIVE_HNSCC,COL4A2
DI.MARTINO_Hs_MATRISOME_HIGHLY_PROLIFERATIVE_HNSCC,FN1
DI.MARTINO_Hs_MATRISOME_HIGHLY_PROLIFERATIVE_HNSCC,PLG
DI.MARTINO_Hs_MATRISOME_HIGHLY_PROLIFERATIVE_HNSCC,ANXA2
DI.MARTINO_Hs_MATRISOME_HIGHLY_PROLIFERATIVE_HNSCC,CBLN2
DI.MARTINO_Hs_MATRISOME_HIGHLY_PROLIFERATIVE_HNSCC,COL16A1
DI.MARTINO_Hs_MATRISOME_HIGHLY_PROLIFERATIVE_HNSCC,COL6A2
DI.MARTINO_Hs_MATRISOME_HIGHLY_PROLIFERATIVE_HNSCC,COL7A1
DI.MARTINO_Hs_MATRISOME_HIGHLY_PROLIFERATIVE_HNSCC,COL8A1
DI.MARTINO_Hs_MATRISOME_HIGHLY_PROLIFERATIVE_HNSCC,ECM1
DI.MARTINO_Hs_MATRISOME_HIGHLY_PROLIFERATIVE_HNSCC,EMILIN1
DI.MARTINO_Hs_MATRISOME_HIGHLY_PROLIFERATIVE_HNSCC,EMILIN2
DI.MARTINO_Hs_MATRISOME_HIGHLY_PROLIFERATIVE_HNSCC,FBLN2
DI.MARTINO_Hs_MATRISOME_HIGHLY_PROLIFERATIVE_HNSCC,FBN2
DI.MARTINO_Hs_MATRISOME_HIGHLY_PROLIFERATIVE_HNSCC,IGFBP7
DI.MARTINO_Hs_MATRISOME_HIGHLY_PROLIFERATIVE_HNSCC,ITIH1
DI.MARTINO_Hs_MATRISOME_HIGHLY_PROLIFERATIVE_HNSCC,ITIH2
DI.MARTINO_Hs_MATRISOME_HIGHLY_PROLIFERATIVE_HNSCC,LGALS1
DI.MARTINO_Hs_MATRISOME_HIGHLY_PROLIFERATIVE_HNSCC,LTBP1
DI.MARTINO_Hs_MATRISOME_HIGHLY_PROLIFERATIVE_HNSCC,MFAP5
DI.MARTINO_Hs_MATRISOME_HIGHLY_PROLIFERATIVE_HNSCC,POSTN
DI.MARTINO_Hs_MATRISOME_HIGHLY_PROLIFERATIVE_HNSCC,S100A6
DI.MARTINO_Hs_MATRISOME_HIGHLY_PROLIFERATIVE_HNSCC,TGFB1
DI.MARTINO_Hs_MATRISOME_HIGHLY_PROLIFERATIVE_HNSCC,TGFBI
DI.MARTINO_Hs_MATRISOME_HIGHLY_PROLIFERATIVE_HNSCC,TNC
DI.MARTINO_Hs_MATRISOME_HIGHLY_PROLIFERATIVE_HNSCC,VTN
DI.MARTINO_Hs_MATRISOME_HIGHLY_PROLIFERATIVE_HNSCC_TUMOR_CELL_DERIVED,COL12A1
DI.MARTINO_Hs_MATRISOME_HIGHLY_PROLIFERATIVE_HNSCC_TUMOR_CELL_DERIVED,COL4A2
DI.MARTINO_Hs_MATRISOME_HIGHLY_PROLIFERATIVE_HNSCC_TUMOR_CELL_DERIVED,EMILIN1
DI.MARTINO_Hs_MATRISOME_HIGHLY_PROLIFERATIVE_HNSCC_TUMOR_CELL_DERIVED,FN1
DI.MARTINO_Hs_MATRISOME_HIGHLY_PROLIFERATIVE_HNSCC_TUMOR_CELL_DERIVED,ANXA2
DI.MARTINO_Hs_MATRISOME_HIGHLY_PROLIFERATIVE_HNSCC_TUMOR_CELL_DERIVED,COL16A1
DI.MARTINO_Hs_MATRISOME_HIGHLY_PROLIFERATIVE_HNSCC_TUMOR_CELL_DERIVED,COL6A2
DI.MARTINO_Hs_MATRISOME_HIGHLY_PROLIFERATIVE_HNSCC_TUMOR_CELL_DERIVED,COL7A1
DI.MARTINO_Hs_MATRISOME_HIGHLY_PROLIFERATIVE_HNSCC_TUMOR_CELL_DERIVED,FBN2
DI.MARTINO_Hs_MATRISOME_HIGHLY_PROLIFERATIVE_HNSCC_TUMOR_CELL_DERIVED,ITIH2
DI.MARTINO_Hs_MATRISOME_HIGHLY_PROLIFERATIVE_HNSCC_TUMOR_CELL_DERIVED,LGALS1
DI.MARTINO_Hs_MATRISOME_HIGHLY_PROLIFERATIVE_HNSCC_TUMOR_CELL_DERIVED,LTBP1
DI.MARTINO_Hs_MATRISOME_HIGHLY_PROLIFERATIVE_HNSCC_TUMOR_CELL_DERIVED,POSTN
DI.MARTINO_Hs_MATRISOME_HIGHLY_PROLIFERATIVE_HNSCC_TUMOR_CELL_DERIVED,S100A6
DI.MARTINO_Hs_MATRISOME_HIGHLY_PROLIFERATIVE_HNSCC_TUMOR_CELL_DERIVED,TGFB1
DI.MARTINO_Hs_MATRISOME_HIGHLY_PROLIFERATIVE_HNSCC_TUMOR_CELL_DERIVED,TGFBI
DI.MARTINO_Hs_MATRISOME_HIGHLY_PROLIFERATIVE_HNSCC_TUMOR_CELL_DERIVED,TNC
HEBERT_Hs_MATRISOME_TNBC_BONE_METASTASIS_TUMOR_CELL_DERIVED,COL2A1
HEBERT_Hs_MATRISOME_TNBC_BONE_METASTASIS_TUMOR_CELL_DERIVED,COL5A3
HEBERT_Hs_MATRISOME_TNBC_BONE_METASTASIS_TUMOR_CELL_DERIVED,F9
HEBERT_Hs_MATRISOME_TNBC_BONE_METASTASIS_TUMOR_CELL_DERIVED,S100A11
HEBERT_Hs_MATRISOME_TNBC_BONE_METASTASIS_TUMOR_CELL_DERIVED,S100A6
HEBERT_Hs_MATRISOME_TNBC_BONE_METASTASIS,COL11A1
HEBERT_Hs_MATRISOME_TNBC_BONE_METASTASIS,COL22A1
HEBERT_Hs_MATRISOME_TNBC_BONE_METASTASIS,COL2A1
HEBERT_Hs_MATRISOME_TNBC_BONE_METASTASIS,COL5A3
HEBERT_Hs_MATRISOME_TNBC_BONE_METASTASIS,CST3
HEBERT_Hs_MATRISOME_TNBC_BONE_METASTASIS,CTSG
HEBERT_Hs_MATRISOME_TNBC_BONE_METASTASIS,F9
HEBERT_Hs_MATRISOME_TNBC_BONE_METASTASIS,S100A11
HEBERT_Hs_MATRISOME_TNBC_BONE_METASTASIS,S100A13
HEBERT_Hs_MATRISOME_TNBC_BONE_METASTASIS,S100A6
HEBERT_Hs_MATRISOME_TNBC_BONE_METASTASIS,STFA2
HEBERT_Hs_MATRISOME_TNBC_BONE_METASTASIS,THBS1
HEBERT_Hs_MATRISOME_TNBC_BRAIN_METASTASIS_TUMOR_CELL_DERIVED,AGRN
HEBERT_Hs_MATRISOME_TNBC_BRAIN_METASTASIS_TUMOR_CELL_DERIVED,CBLN1
HEBERT_Hs_MATRISOME_TNBC_BRAIN_METASTASIS_TUMOR_CELL_DERIVED,CD109
HEBERT_Hs_MATRISOME_TNBC_BRAIN_METASTASIS_TUMOR_CELL_DERIVED,COL4A5
HEBERT_Hs_MATRISOME_TNBC_BRAIN_METASTASIS_TUMOR_CELL_DERIVED,CSPG4
HEBERT_Hs_MATRISOME_TNBC_BRAIN_METASTASIS_TUMOR_CELL_DERIVED,FREM1
HEBERT_Hs_MATRISOME_TNBC_BRAIN_METASTASIS_TUMOR_CELL_DERIVED,HCFC1
HEBERT_Hs_MATRISOME_TNBC_BRAIN_METASTASIS_TUMOR_CELL_DERIVED,HMCN1
HEBERT_Hs_MATRISOME_TNBC_BRAIN_METASTASIS_TUMOR_CELL_DERIVED,LGALS3
HEBERT_Hs_MATRISOME_TNBC_BRAIN_METASTASIS_TUMOR_CELL_DERIVED,SERPINB1
HEBERT_Hs_MATRISOME_TNBC_BRAIN_METASTASIS_TUMOR_CELL_DERIVED,SERPINH1
HEBERT_Hs_MATRISOME_TNBC_BRAIN_METASTASIS_TUMOR_CELL_DERIVED,VWA9
HEBERT_Hs_MATRISOME_TNBC_BRAIN_METASTASIS,ACAN
HEBERT_Hs_MATRISOME_TNBC_BRAIN_METASTASIS,ADAM22
HEBERT_Hs_MATRISOME_TNBC_BRAIN_METASTASIS,AGRN
HEBERT_Hs_MATRISOME_TNBC_BRAIN_METASTASIS,BCAN
HEBERT_Hs_MATRISOME_TNBC_BRAIN_METASTASIS,C1QC
HEBERT_Hs_MATRISOME_TNBC_BRAIN_METASTASIS,CBLN1
HEBERT_Hs_MATRISOME_TNBC_BRAIN_METASTASIS,CD109
HEBERT_Hs_MATRISOME_TNBC_BRAIN_METASTASIS,COL23A1
HEBERT_Hs_MATRISOME_TNBC_BRAIN_METASTASIS,COL4A5
HEBERT_Hs_MATRISOME_TNBC_BRAIN_METASTASIS,CSPG4
HEBERT_Hs_MATRISOME_TNBC_BRAIN_METASTASIS,EGFL7
HEBERT_Hs_MATRISOME_TNBC_BRAIN_METASTASIS,FGF14
HEBERT_Hs_MATRISOME_TNBC_BRAIN_METASTASIS,FREM1
HEBERT_Hs_MATRISOME_TNBC_BRAIN_METASTASIS,HCFC1
HEBERT_Hs_MATRISOME_TNBC_BRAIN_METASTASIS,HMCN1
HEBERT_Hs_MATRISOME_TNBC_BRAIN_METASTASIS,HPX
HEBERT_Hs_MATRISOME_TNBC_BRAIN_METASTASIS,LAMA1
HEBERT_Hs_MATRISOME_TNBC_BRAIN_METASTASIS,LGALS3
HEBERT_Hs_MATRISOME_TNBC_BRAIN_METASTASIS,LGI1
HEBERT_Hs_MATRISOME_TNBC_BRAIN_METASTASIS,SERPINA3K
HEBERT_Hs_MATRISOME_TNBC_BRAIN_METASTASIS,SERPINB1
HEBERT_Hs_MATRISOME_TNBC_BRAIN_METASTASIS,SERPINE2
HEBERT_Hs_MATRISOME_TNBC_BRAIN_METASTASIS,SERPINH1
HEBERT_Hs_MATRISOME_TNBC_BRAIN_METASTASIS,THBS4
HEBERT_Hs_MATRISOME_TNBC_BRAIN_METASTASIS,TNR
HEBERT_Hs_MATRISOME_TNBC_BRAIN_METASTASIS,VWA1
HEBERT_Hs_MATRISOME_TNBC_BRAIN_METASTASIS,VWA9
HEBERT_Hs_MATRISOME_TNBC_LUNG_METASTASIS_TUMOR_CELL_DERIVED,COL3A1
HEBERT_Hs_MATRISOME_TNBC_LUNG_METASTASIS_TUMOR_CELL_DERIVED,COL4A4
HEBERT_Hs_MATRISOME_TNBC_LUNG_METASTASIS_TUMOR_CELL_DERIVED,COL7A1
HEBERT_Hs_MATRISOME_TNBC_LUNG_METASTASIS_TUMOR_CELL_DERIVED,LAMA1
HEBERT_Hs_MATRISOME_TNBC_LUNG_METASTASIS_TUMOR_CELL_DERIVED,LAMB2
HEBERT_Hs_MATRISOME_TNBC_LUNG_METASTASIS_TUMOR_CELL_DERIVED,LAMC1
HEBERT_Hs_MATRISOME_TNBC_LUNG_METASTASIS,BGN
HEBERT_Hs_MATRISOME_TNBC_LUNG_METASTASIS,COL3A1
HEBERT_Hs_MATRISOME_TNBC_LUNG_METASTASIS,COL4A1
HEBERT_Hs_MATRISOME_TNBC_LUNG_METASTASIS,COL4A2
HEBERT_Hs_MATRISOME_TNBC_LUNG_METASTASIS,COL4A3
HEBERT_Hs_MATRISOME_TNBC_LUNG_METASTASIS,COL4A4
HEBERT_Hs_MATRISOME_TNBC_LUNG_METASTASIS,COL4A5
HEBERT_Hs_MATRISOME_TNBC_LUNG_METASTASIS,COL7A1
HEBERT_Hs_MATRISOME_TNBC_LUNG_METASTASIS,ELN
HEBERT_Hs_MATRISOME_TNBC_LUNG_METASTASIS,FBLN5
HEBERT_Hs_MATRISOME_TNBC_LUNG_METASTASIS,HSPG2
HEBERT_Hs_MATRISOME_TNBC_LUNG_METASTASIS,LAMA1
HEBERT_Hs_MATRISOME_TNBC_LUNG_METASTASIS,LAMA3
HEBERT_Hs_MATRISOME_TNBC_LUNG_METASTASIS,LAMA5
HEBERT_Hs_MATRISOME_TNBC_LUNG_METASTASIS,LAMB2
HEBERT_Hs_MATRISOME_TNBC_LUNG_METASTASIS,LAMB3
HEBERT_Hs_MATRISOME_TNBC_LUNG_METASTASIS,LAMC1
HEBERT_Hs_MATRISOME_TNBC_LUNG_METASTASIS,LAMC2
HEBERT_Hs_MATRISOME_TNBC_LUNG_METASTASIS,LUM
HEBERT_Hs_MATRISOME_TNBC_LUNG_METASTASIS,MFAP4
HEBERT_Hs_MATRISOME_TNBC_LUNG_METASTASIS,NID1
HEBERT_Hs_MATRISOME_TNBC_LUNG_METASTASIS,SFTPA1
HEBERT_Hs_MATRISOME_TNBC_LUNG_METASTASIS,TNXB
HEBERT_Hs_MATRISOME_TNBC_LIVER_METASTASIS,COL14A1
HEBERT_Hs_MATRISOME_TNBC_LIVER_METASTASIS,COL6A4
HEBERT_Hs_MATRISOME_TNBC_LIVER_METASTASIS,COL6A5
HEBERT_Hs_MATRISOME_TNBC_LIVER_METASTASIS,ECM1
HEBERT_Hs_MATRISOME_TNBC_LIVER_METASTASIS,F2
HEBERT_Hs_MATRISOME_TNBC_LIVER_METASTASIS,FGA
HEBERT_Hs_MATRISOME_TNBC_LIVER_METASTASIS,FGB
HEBERT_Hs_MATRISOME_TNBC_LIVER_METASTASIS,FGG
HEBERT_Hs_MATRISOME_TNBC_LIVER_METASTASIS,FN1
HEBERT_Hs_MATRISOME_TNBC_LIVER_METASTASIS,IGFBP7
HEBERT_Hs_MATRISOME_TNBC_LIVER_METASTASIS,PLG
HEBERT_Hs_MATRISOME_TNBC_LIVER_METASTASIS,TNC
HEBERT_Hs_MATRISOME_TNBC_LIVER_METASTASIS,VTN
HEBERT_Hs_MATRISOME_TNBC_LIVER_METASTASIS,VWF
HEBERT_Hs_MATRISOME_TNBC_BONE_BRAIN_LUNG_LIVER_METASTASTASES_TUMOR_CELL_DERIVED,S100A4
HEBERT_Hs_MATRISOME_TNBC_BONE_BRAIN_LUNG_LIVER_METASTASTASES_TUMOR_CELL_DERIVED,ANXA2
HEBERT_Hs_MATRISOME_TNBC_BONE_BRAIN_LUNG_LIVER_METASTASTASES_TUMOR_CELL_DERIVED,HSPG2
HEBERT_Hs_MATRISOME_TNBC_BONE_BRAIN_LUNG_LIVER_METASTASTASES_TUMOR_CELL_DERIVED,CTSD
HEBERT_Hs_MATRISOME_TNBC_BONE_BRAIN_LUNG_LIVER_METASTASTASES_TUMOR_CELL_DERIVED,COL4A1
HEBERT_Hs_MATRISOME_TNBC_BONE_BRAIN_LUNG_LIVER_METASTASTASES_TUMOR_CELL_DERIVED,ANXA1
HEBERT_Hs_MATRISOME_TNBC_BONE_BRAIN_LUNG_LIVER_METASTASTASES_TUMOR_CELL_DERIVED,SERPINB1
HEBERT_Hs_MATRISOME_TNBC_BONE_BRAIN_LIVER_LUNG_METASTASTASES,S100A4
HEBERT_Hs_MATRISOME_TNBC_BONE_BRAIN_LIVER_LUNG_METASTASTASES,ANXA2
HEBERT_Hs_MATRISOME_TNBC_BONE_BRAIN_LIVER_LUNG_METASTASTASES,HSPG2
HEBERT_Hs_MATRISOME_TNBC_BONE_BRAIN_LIVER_LUNG_METASTASTASES,CTSD
HEBERT_Hs_MATRISOME_TNBC_BONE_BRAIN_LIVER_LUNG_METASTASTASES,COL4A1
HEBERT_Hs_MATRISOME_TNBC_BONE_BRAIN_LIVER_LUNG_METASTASTASES,ANXA1
HEBERT_Hs_MATRISOME_TNBC_BONE_BRAIN_LIVER_LUNG_METASTASTASES,SERPINB1
HEBERT_Hs_MATRISOME_TNBC_BONE_BRAIN_LIVER_LUNG_METASTASTASES,ADAMTSL1
HEBERT_Hs_MATRISOME_TNBC_BONE_BRAIN_LIVER_LUNG_METASTASTASES,FGF2
HEBERT_Hs_MATRISOME_TNBC_BONE_BRAIN_LIVER_LUNG_METASTASTASES,NPNT
HEBERT_Hs_MATRISOME_TNBC_BONE_BRAIN_LIVER_LUNG_METASTASTASES,TINAGL1
HEBERT_Hs_MATRISOME_TNBC_BONE_BRAIN_LIVER_LUNG_METASTASTASES,NID1
HEBERT_Hs_MATRISOME_TNBC_BONE_BRAIN_LIVER_LUNG_METASTASTASES,DPT
